country,pathogen,pathogen_label,pathogen_column,month_start,count,spec_processed_nb
Azerbaijan,InfluenzaB,InfluenzaB,INF_B,2008-03-01,0.0,62.0
Azerbaijan,InfluenzaB,InfluenzaB,INF_B,2008-04-01,0.0,0.0
Azerbaijan,InfluenzaB,InfluenzaB,INF_B,2008-05-01,0.0,0.0
Azerbaijan,InfluenzaB,InfluenzaB,INF_B,2008-06-01,0.0,0.0
Azerbaijan,InfluenzaB,InfluenzaB,INF_B,2008-07-01,0.0,0.0
Azerbaijan,InfluenzaB,InfluenzaB,INF_B,2008-08-01,0.0,0.0
Azerbaijan,InfluenzaB,InfluenzaB,INF_B,2008-09-01,0.0,0.0
Azerbaijan,InfluenzaB,InfluenzaB,INF_B,2008-10-01,0.0,0.0
Azerbaijan,InfluenzaB,InfluenzaB,INF_B,2008-11-01,0.0,0.0
Azerbaijan,InfluenzaB,InfluenzaB,INF_B,2008-12-01,0.0,0.0
Azerbaijan,InfluenzaB,InfluenzaB,INF_B,2009-01-01,0.0,0.0
Azerbaijan,InfluenzaB,InfluenzaB,INF_B,2009-02-01,0.0,0.0
Azerbaijan,InfluenzaB,InfluenzaB,INF_B,2009-03-01,0.0,0.0
Azerbaijan,InfluenzaB,InfluenzaB,INF_B,2009-04-01,0.0,0.0
Azerbaijan,InfluenzaB,InfluenzaB,INF_B,2009-05-01,0.0,0.0
Azerbaijan,InfluenzaB,InfluenzaB,INF_B,2009-06-01,0.0,0.0
Azerbaijan,InfluenzaB,InfluenzaB,INF_B,2009-07-01,0.0,0.0
Azerbaijan,InfluenzaB,InfluenzaB,INF_B,2009-08-01,0.0,0.0
Azerbaijan,InfluenzaB,InfluenzaB,INF_B,2009-09-01,0.0,0.0
Azerbaijan,InfluenzaB,InfluenzaB,INF_B,2009-10-01,0.0,0.0
Azerbaijan,InfluenzaB,InfluenzaB,INF_B,2009-11-01,0.0,0.0
Azerbaijan,InfluenzaB,InfluenzaB,INF_B,2009-12-01,0.0,0.0
Azerbaijan,InfluenzaB,InfluenzaB,INF_B,2010-01-01,0.0,0.0
Azerbaijan,InfluenzaB,InfluenzaB,INF_B,2010-02-01,0.0,0.0
Azerbaijan,InfluenzaB,InfluenzaB,INF_B,2010-03-01,0.0,0.0
Azerbaijan,InfluenzaB,InfluenzaB,INF_B,2010-04-01,0.0,0.0
Azerbaijan,InfluenzaB,InfluenzaB,INF_B,2010-05-01,0.0,0.0
Azerbaijan,InfluenzaB,InfluenzaB,INF_B,2010-06-01,0.0,0.0
Azerbaijan,InfluenzaB,InfluenzaB,INF_B,2010-07-01,0.0,0.0
Azerbaijan,InfluenzaB,InfluenzaB,INF_B,2010-08-01,0.0,0.0
Azerbaijan,InfluenzaB,InfluenzaB,INF_B,2010-09-01,0.0,0.0
Azerbaijan,InfluenzaB,InfluenzaB,INF_B,2010-10-01,0.0,5.0
Azerbaijan,InfluenzaB,InfluenzaB,INF_B,2010-11-01,0.0,35.0
Azerbaijan,InfluenzaB,InfluenzaB,INF_B,2010-12-01,0.0,33.0
Azerbaijan,InfluenzaB,InfluenzaB,INF_B,2011-01-01,0.0,49.0
Azerbaijan,InfluenzaB,InfluenzaB,INF_B,2011-02-01,0.0,70.0
Azerbaijan,InfluenzaB,InfluenzaB,INF_B,2011-03-01,0.0,63.0
Azerbaijan,InfluenzaB,InfluenzaB,INF_B,2011-04-01,0.0,24.0
Azerbaijan,InfluenzaB,InfluenzaB,INF_B,2011-05-01,0.0,24.0
Azerbaijan,InfluenzaB,InfluenzaB,INF_B,2011-06-01,0.0,31.0
Azerbaijan,InfluenzaB,InfluenzaB,INF_B,2011-07-01,0.0,23.0
Azerbaijan,InfluenzaB,InfluenzaB,INF_B,2011-08-01,0.0,26.0
Azerbaijan,InfluenzaB,InfluenzaB,INF_B,2011-09-01,0.0,13.0
Azerbaijan,InfluenzaB,InfluenzaB,INF_B,2011-10-01,0.0,17.0
Azerbaijan,InfluenzaB,InfluenzaB,INF_B,2011-11-01,0.0,18.0
Azerbaijan,InfluenzaB,InfluenzaB,INF_B,2011-12-01,0.0,17.0
Azerbaijan,InfluenzaB,InfluenzaB,INF_B,2012-01-01,0.0,7.0
Azerbaijan,InfluenzaB,InfluenzaB,INF_B,2012-02-01,0.0,3.0
Azerbaijan,InfluenzaB,InfluenzaB,INF_B,2012-03-01,0.0,2.0
Azerbaijan,InfluenzaB,InfluenzaB,INF_B,2012-04-01,0.0,2.0
Azerbaijan,InfluenzaB,InfluenzaB,INF_B,2012-05-01,0.0,4.0
Azerbaijan,InfluenzaB,InfluenzaB,INF_B,2012-06-01,0.0,2.0
Azerbaijan,InfluenzaB,InfluenzaB,INF_B,2012-07-01,0.0,6.0
Azerbaijan,InfluenzaB,InfluenzaB,INF_B,2012-08-01,0.0,1.0
Azerbaijan,InfluenzaB,InfluenzaB,INF_B,2012-09-01,0.0,4.0
Azerbaijan,InfluenzaB,InfluenzaB,INF_B,2012-10-01,0.0,14.0
Azerbaijan,InfluenzaB,InfluenzaB,INF_B,2012-11-01,0.0,6.0
Azerbaijan,InfluenzaB,InfluenzaB,INF_B,2012-12-01,0.0,5.0
Azerbaijan,InfluenzaB,InfluenzaB,INF_B,2013-01-01,3.0,75.0
Azerbaijan,InfluenzaB,InfluenzaB,INF_B,2013-02-01,13.0,107.0
Azerbaijan,InfluenzaB,InfluenzaB,INF_B,2013-03-01,0.0,27.0
Azerbaijan,InfluenzaB,InfluenzaB,INF_B,2013-04-01,16.0,95.0
Azerbaijan,InfluenzaB,InfluenzaB,INF_B,2013-05-01,0.0,31.0
Azerbaijan,InfluenzaB,InfluenzaB,INF_B,2013-06-01,0.0,3.0
Azerbaijan,InfluenzaB,InfluenzaB,INF_B,2013-07-01,0.0,1.0
Azerbaijan,InfluenzaB,InfluenzaB,INF_B,2013-08-01,0.0,1.0
Azerbaijan,InfluenzaB,InfluenzaB,INF_B,2013-09-01,0.0,5.0
Azerbaijan,InfluenzaB,InfluenzaB,INF_B,2013-10-01,1.0,121.0
Azerbaijan,InfluenzaB,InfluenzaB,INF_B,2013-11-01,2.0,272.0
Azerbaijan,InfluenzaB,InfluenzaB,INF_B,2013-12-01,0.0,146.0
Azerbaijan,InfluenzaB,InfluenzaB,INF_B,2014-01-01,0.0,85.0
Azerbaijan,InfluenzaB,InfluenzaB,INF_B,2014-02-01,0.0,217.0
Azerbaijan,InfluenzaB,InfluenzaB,INF_B,2014-03-01,13.0,187.0
Azerbaijan,InfluenzaB,InfluenzaB,INF_B,2014-04-01,3.0,81.0
Azerbaijan,InfluenzaB,InfluenzaB,INF_B,2014-05-01,0.0,16.0
Azerbaijan,InfluenzaB,InfluenzaB,INF_B,2014-06-01,0.0,3.0
Azerbaijan,InfluenzaB,InfluenzaB,INF_B,2014-07-01,0.0,0.0
Azerbaijan,InfluenzaB,InfluenzaB,INF_B,2014-08-01,0.0,0.0
Azerbaijan,InfluenzaB,InfluenzaB,INF_B,2014-09-01,0.0,0.0
Azerbaijan,InfluenzaB,InfluenzaB,INF_B,2014-10-01,2.0,8.0
Azerbaijan,InfluenzaB,InfluenzaB,INF_B,2014-11-01,15.0,281.0
Azerbaijan,InfluenzaB,InfluenzaB,INF_B,2014-12-01,2.0,397.0
Azerbaijan,InfluenzaB,InfluenzaB,INF_B,2015-01-01,0.0,74.0
Azerbaijan,InfluenzaB,InfluenzaB,INF_B,2015-02-01,0.0,0.0
Azerbaijan,InfluenzaB,InfluenzaB,INF_B,2015-03-01,0.0,0.0
Azerbaijan,InfluenzaB,InfluenzaB,INF_B,2015-04-01,0.0,0.0
Azerbaijan,InfluenzaB,InfluenzaB,INF_B,2015-05-01,0.0,0.0
Azerbaijan,InfluenzaB,InfluenzaB,INF_B,2015-06-01,0.0,0.0
Azerbaijan,InfluenzaB,InfluenzaB,INF_B,2015-07-01,0.0,0.0
Azerbaijan,InfluenzaB,InfluenzaB,INF_B,2015-08-01,0.0,0.0
Azerbaijan,InfluenzaB,InfluenzaB,INF_B,2015-09-01,0.0,0.0
Azerbaijan,InfluenzaB,InfluenzaB,INF_B,2015-10-01,0.0,33.0
Azerbaijan,InfluenzaB,InfluenzaB,INF_B,2015-11-01,0.0,387.0
Azerbaijan,InfluenzaB,InfluenzaB,INF_B,2015-12-01,0.0,176.0
Azerbaijan,InfluenzaB,InfluenzaB,INF_B,2016-01-01,0.0,305.0
Azerbaijan,InfluenzaB,InfluenzaB,INF_B,2016-02-01,92.0,474.0
Azerbaijan,InfluenzaB,InfluenzaB,INF_B,2016-03-01,140.0,174.0
Azerbaijan,InfluenzaB,InfluenzaB,INF_B,2016-04-01,24.0,98.0
Azerbaijan,InfluenzaB,InfluenzaB,INF_B,2016-05-01,0.0,77.0
Azerbaijan,InfluenzaB,InfluenzaB,INF_B,2016-06-01,0.0,2.0
Azerbaijan,InfluenzaB,InfluenzaB,INF_B,2016-07-01,0.0,0.0
Azerbaijan,InfluenzaB,InfluenzaB,INF_B,2016-08-01,0.0,0.0
Azerbaijan,InfluenzaB,InfluenzaB,INF_B,2016-09-01,0.0,0.0
Azerbaijan,InfluenzaB,InfluenzaB,INF_B,2016-10-01,0.0,64.0
Azerbaijan,InfluenzaB,InfluenzaB,INF_B,2016-11-01,0.0,92.0
Azerbaijan,InfluenzaB,InfluenzaB,INF_B,2016-12-01,0.0,91.0
Azerbaijan,InfluenzaB,InfluenzaB,INF_B,2017-01-01,0.0,67.0
Azerbaijan,InfluenzaB,InfluenzaB,INF_B,2017-02-01,2.0,44.0
Azerbaijan,InfluenzaB,InfluenzaB,INF_B,2017-03-01,0.0,36.0
Azerbaijan,InfluenzaB,InfluenzaB,INF_B,2017-04-01,0.0,17.0
Azerbaijan,InfluenzaB,InfluenzaB,INF_B,2017-05-01,0.0,2.0
Azerbaijan,InfluenzaB,InfluenzaB,INF_B,2017-06-01,0.0,0.0
Azerbaijan,InfluenzaB,InfluenzaB,INF_B,2017-07-01,0.0,0.0
Azerbaijan,InfluenzaB,InfluenzaB,INF_B,2017-08-01,0.0,0.0
Azerbaijan,InfluenzaB,InfluenzaB,INF_B,2017-09-01,0.0,2.0
Azerbaijan,InfluenzaB,InfluenzaB,INF_B,2017-10-01,0.0,24.0
Azerbaijan,InfluenzaB,InfluenzaB,INF_B,2017-11-01,0.0,39.0
Azerbaijan,InfluenzaB,InfluenzaB,INF_B,2017-12-01,5.0,113.0
Azerbaijan,InfluenzaB,InfluenzaB,INF_B,2018-01-01,29.0,110.0
Azerbaijan,InfluenzaB,InfluenzaB,INF_B,2018-02-01,25.0,145.0
Azerbaijan,InfluenzaB,InfluenzaB,INF_B,2018-03-01,7.0,91.0
Azerbaijan,InfluenzaB,InfluenzaB,INF_B,2018-04-01,0.0,145.0
Azerbaijan,InfluenzaB,InfluenzaB,INF_B,2018-05-01,0.0,39.0
Azerbaijan,InfluenzaB,InfluenzaB,INF_B,2018-06-01,0.0,0.0
Azerbaijan,InfluenzaB,InfluenzaB,INF_B,2018-07-01,0.0,3.0
Azerbaijan,InfluenzaB,InfluenzaB,INF_B,2018-08-01,0.0,0.0
Azerbaijan,InfluenzaB,InfluenzaB,INF_B,2018-09-01,0.0,0.0
Azerbaijan,InfluenzaB,InfluenzaB,INF_B,2018-10-01,0.0,73.0
Azerbaijan,InfluenzaB,InfluenzaB,INF_B,2018-11-01,0.0,66.0
Azerbaijan,InfluenzaB,InfluenzaB,INF_B,2018-12-01,0.0,103.0
Azerbaijan,InfluenzaB,InfluenzaB,INF_B,2019-01-01,0.0,291.0
Azerbaijan,InfluenzaB,InfluenzaB,INF_B,2019-02-01,0.0,196.0
Azerbaijan,InfluenzaB,InfluenzaB,INF_B,2019-03-01,0.0,82.0
Azerbaijan,InfluenzaB,InfluenzaB,INF_B,2019-04-01,0.0,82.0
Azerbaijan,InfluenzaB,InfluenzaB,INF_B,2019-05-01,0.0,10.0
Azerbaijan,InfluenzaB,InfluenzaB,INF_B,2019-06-01,0.0,0.0
Azerbaijan,InfluenzaB,InfluenzaB,INF_B,2019-07-01,0.0,1.0
Azerbaijan,InfluenzaB,InfluenzaB,INF_B,2019-08-01,0.0,0.0
Azerbaijan,InfluenzaB,InfluenzaB,INF_B,2019-09-01,0.0,6.0
Azerbaijan,InfluenzaB,InfluenzaB,INF_B,2019-10-01,0.0,9.0
Azerbaijan,InfluenzaB,InfluenzaB,INF_B,2019-11-01,0.0,9.0
Azerbaijan,InfluenzaB,InfluenzaB,INF_B,2019-12-01,0.0,76.0
Azerbaijan,InfluenzaB,InfluenzaB,INF_B,2020-01-01,8.0,106.0
Azerbaijan,InfluenzaB,InfluenzaB,INF_B,2020-02-01,54.0,222.0
Azerbaijan,InfluenzaB,InfluenzaB,INF_B,2020-03-01,31.0,298.0
Azerbaijan,InfluenzaB,InfluenzaB,INF_B,2020-04-01,0.0,5.0
Azerbaijan,InfluenzaB,InfluenzaB,INF_B,2020-05-01,0.0,0.0
Azerbaijan,InfluenzaB,InfluenzaB,INF_B,2020-06-01,0.0,0.0
Azerbaijan,InfluenzaB,InfluenzaB,INF_B,2020-07-01,0.0,0.0
Azerbaijan,InfluenzaB,InfluenzaB,INF_B,2020-08-01,0.0,0.0
Azerbaijan,InfluenzaB,InfluenzaB,INF_B,2020-09-01,0.0,0.0
Azerbaijan,InfluenzaB,InfluenzaB,INF_B,2020-10-01,0.0,0.0
Azerbaijan,InfluenzaB,InfluenzaB,INF_B,2020-11-01,0.0,4.0
Azerbaijan,InfluenzaB,InfluenzaB,INF_B,2020-12-01,0.0,0.0
Azerbaijan,InfluenzaB,InfluenzaB,INF_B,2021-01-01,0.0,5.0
Azerbaijan,InfluenzaB,InfluenzaB,INF_B,2021-02-01,1.0,22.0
Azerbaijan,InfluenzaB,InfluenzaB,INF_B,2021-03-01,0.0,125.0
Azerbaijan,InfluenzaB,InfluenzaB,INF_B,2021-04-01,0.0,221.0
Azerbaijan,InfluenzaB,InfluenzaB,INF_B,2021-05-01,0.0,36.0
Azerbaijan,InfluenzaB,InfluenzaB,INF_B,2021-06-01,0.0,99.0
Azerbaijan,InfluenzaB,InfluenzaB,INF_B,2021-07-01,0.0,0.0
Azerbaijan,InfluenzaB,InfluenzaB,INF_B,2021-08-01,0.0,60.0
Azerbaijan,InfluenzaB,InfluenzaB,INF_B,2021-09-01,0.0,0.0
Azerbaijan,InfluenzaB,InfluenzaB,INF_B,2021-10-01,0.0,4.0
Azerbaijan,InfluenzaB,InfluenzaB,INF_B,2021-11-01,0.0,25.0
Azerbaijan,InfluenzaB,InfluenzaB,INF_B,2021-12-01,0.0,50.0
Azerbaijan,InfluenzaB,InfluenzaB,INF_B,2022-01-01,0.0,14.0
Azerbaijan,InfluenzaB,InfluenzaB,INF_B,2022-02-01,1.0,11.0
Azerbaijan,InfluenzaB,InfluenzaB,INF_B,2022-03-01,0.0,5.0
Azerbaijan,InfluenzaB,InfluenzaB,INF_B,2022-04-01,0.0,12.0
Azerbaijan,InfluenzaB,InfluenzaB,INF_B,2022-05-01,0.0,2.0
Azerbaijan,InfluenzaB,InfluenzaB,INF_B,2022-06-01,0.0,0.0
Azerbaijan,InfluenzaB,InfluenzaB,INF_B,2022-07-01,0.0,0.0
Azerbaijan,InfluenzaB,InfluenzaB,INF_B,2022-08-01,0.0,0.0
Azerbaijan,InfluenzaB,InfluenzaB,INF_B,2022-09-01,0.0,3.0
Azerbaijan,InfluenzaB,InfluenzaB,INF_B,2022-10-01,0.0,21.0
Azerbaijan,InfluenzaB,InfluenzaB,INF_B,2022-11-01,0.0,25.0
Azerbaijan,InfluenzaB,InfluenzaB,INF_B,2022-12-01,0.0,38.0
Azerbaijan,InfluenzaB,InfluenzaB,INF_B,2023-01-01,4.0,20.0
Azerbaijan,InfluenzaB,InfluenzaB,INF_B,2023-02-01,2.0,18.0
Azerbaijan,InfluenzaB,InfluenzaB,INF_B,2023-03-01,0.0,49.0
Azerbaijan,InfluenzaB,InfluenzaB,INF_B,2023-04-01,1.0,73.0
Azerbaijan,InfluenzaB,InfluenzaB,INF_B,2023-05-01,0.0,37.0
Azerbaijan,InfluenzaB,InfluenzaB,INF_B,2023-06-01,0.0,2.0
Azerbaijan,InfluenzaB,InfluenzaB,INF_B,2023-07-01,0.0,0.0
Azerbaijan,InfluenzaB,InfluenzaB,INF_B,2023-08-01,0.0,0.0
Azerbaijan,InfluenzaB,InfluenzaB,INF_B,2023-09-01,0.0,0.0
Azerbaijan,InfluenzaB,InfluenzaB,INF_B,2023-10-01,0.0,32.0
Azerbaijan,InfluenzaB,InfluenzaB,INF_B,2023-11-01,0.0,88.0
Azerbaijan,InfluenzaB,InfluenzaB,INF_B,2023-12-01,0.0,213.0
Azerbaijan,InfluenzaB,InfluenzaB,INF_B,2024-01-01,0.0,127.0
Azerbaijan,InfluenzaB,InfluenzaB,INF_B,2024-02-01,1.0,115.0
Azerbaijan,InfluenzaB,InfluenzaB,INF_B,2024-03-01,0.0,82.0
Azerbaijan,InfluenzaB,InfluenzaB,INF_B,2024-04-01,1.0,108.0
Azerbaijan,InfluenzaB,InfluenzaB,INF_B,2024-05-01,0.0,27.0
Azerbaijan,InfluenzaB,InfluenzaB,INF_B,2024-06-01,0.0,0.0
Azerbaijan,InfluenzaB,InfluenzaB,INF_B,2024-07-01,0.0,3.0
Azerbaijan,InfluenzaB,InfluenzaB,INF_B,2024-08-01,0.0,6.0
Azerbaijan,InfluenzaB,InfluenzaB,INF_B,2024-09-01,0.0,17.0
Azerbaijan,InfluenzaB,InfluenzaB,INF_B,2024-10-01,0.0,80.0
Azerbaijan,InfluenzaB,InfluenzaB,INF_B,2024-11-01,0.0,53.0
Azerbaijan,InfluenzaB,InfluenzaB,INF_B,2024-12-01,1.0,71.0
Azerbaijan,InfluenzaB,InfluenzaB,INF_B,2025-01-01,0.0,65.0
Azerbaijan,InfluenzaB,InfluenzaB,INF_B,2025-02-01,1.0,84.0
Azerbaijan,InfluenzaB,InfluenzaB,INF_B,2025-03-01,2.0,135.0
Azerbaijan,InfluenzaB,InfluenzaB,INF_B,2025-04-01,0.0,74.0
Azerbaijan,InfluenzaB,InfluenzaB,INF_B,2025-05-01,0.0,14.0
Azerbaijan,InfluenzaB,InfluenzaB,INF_B,2025-06-01,0.0,12.0
Azerbaijan,InfluenzaB,InfluenzaB,INF_B,2025-07-01,0.0,10.0
Azerbaijan,InfluenzaB,InfluenzaB,INF_B,2025-08-01,0.0,0.0
Azerbaijan,InfluenzaB,InfluenzaB,INF_B,2025-09-01,0.0,6.0
Azerbaijan,InfluenzaB,InfluenzaB,INF_B,2025-10-01,0.0,36.0
Azerbaijan,InfluenzaB,InfluenzaB,INF_B,2025-11-01,0.0,78.0
Azerbaijan,InfluenzaB,InfluenzaB,INF_B,2025-12-01,0.0,55.0
